times,gctimes,bytes,allocs
3.4033848470000003,0.04027708418600713,2.865245776e9,1.52841e6
