times,gctimes,memory,allocs
3.357711296e9,1.34183432e8,2867599464,1561367
