times,gctimes,memory,allocs
3.387012532e9,1.30328364e8,2867599464,1561367
