times,gctimes,bytes,allocs
3.4968184030000002,0.045838218782675515,2.867599464e9,1.561367e6
